DS100,Direction
MMAL,west
MANE,east
MAMT,west
MANB,west
MMAU,west
MAFE,east
MAY,east
MBCN,west
MBAB,west
MBDH,east
MBAL,east
MBAU,west
MBHA,west
MDA,west
MDAS,west
MDFG,east
MDS,east
MMDN,west
MDHR,east
MEBS,west
MEG,east
MEC,west
MEGL,east
MEIC,west
MEGS,east
MER,east
MEWG,west
MESG,west
MFP,west
MFAS,west
MFG,west
MFA,west
MFK,west
MFE,west
MFHB,west
MFHT,east
MFH,west
MFHH,west
MFR,west
MFB,west
MFU,east
MGT,west
MGIB,west
MGE,west
MUG,west
MGLD,west
MGI,east
MGCH,west
MGFL,west
MGB,west
MGRS,east
MGF,east
MGRZ,west
MGDF,east
MGHD,east
MGO,west
MGOI,west
MGRB,west
MHR,east
MHAB,west
MHMO,east
MHAR,west
MHHS,west
MHT,2
MHSN,west
MHP,west
MHEM,east
MHI,west
MMHG,west
MHOB,east
MHSB,east
MHSL,west
MHRK,west
MHO,east
MIC,west
MIT,east
MIS,east
MJK,east
MKF,west
MKA,east
MKO,east
MKHN,west
MKZ,east
ML,west
MLW,west
MLEF,west
MLEU,east
MLCH,west
MLO,west
MLH,west
MMA,west
MMAG,west
MMAM,west
MMP,east
MIDR,west
MSB,east
MMT,west
MMCH,west
MMTL,west
MNA,west
MNB,east
MNF,west
MNGH,east
MNPS,east
MNRO,west
MOZ,west
MOSM,west
MOL,west
MOLY,west
MOP,east
MONH,east
MOTF,east
MOBR,east
MP,west
MPEI,east
MPER,east
MPE,west
MPL,west
MPO,east
MPH,east
MPM,west
MPUL,west
MPU,west
MRI,east
MRM,west
MRP,east
MSR,east
MSNG,west
MSHH,west
MSH,west
MSW,west
MSN,west
MMAR,east
MST,west
MSNO,west
MSA,west
MSD,west
MTU,east
MTR,east
MTFD,west
MTZ,west
MUFG,east
MUH,east
MAUG,west
MUSM,west
MVS,east
MESH,west
MWAE,east
MWS,west
MWKR,west
MWO,west
MZO,east
